ID_INCIDENCIA,ID_OFICIAL,TIPO_INCIDENCIA,FECHA_INICIO,FECHA_FIN
IN0001,OF272,Incapacidad,2025-10-27,2025-10-29
IN0002,OF082,Ausencia,2025-12-03,2025-12-03
IN0003,OF124,Ausencia,2025-01-29,2025-01-29
IN0004,OF113,Permiso,2025-07-18,2025-07-18
IN0005,OF182,Fallo en check-in,2025-03-30,2025-03-30
IN0006,OF091,Ausencia,2025-06-12,2025-06-12
IN0007,OF184,Fallo en check-in,2025-01-15,2025-01-15
IN0008,OF181,Fallo en check-in,2025-10-16,2025-10-16
IN0009,OF073,Permiso,2025-04-07,2025-04-07
IN0010,OF253,Permiso,2025-03-31,2025-03-31
IN0011,OF252,Ausencia,2025-01-29,2025-01-29
IN0012,OF120,Permiso,2025-01-11,2025-01-11
IN0013,OF270,Incapacidad,2025-06-19,2025-06-24
IN0014,OF104,Llegada tardía,2025-06-24,2025-06-24
IN0015,OF091,Fallo en check-in,2025-06-15,2025-06-15
IN0016,OF031,Ausencia,2025-10-28,2025-10-28
IN0017,OF073,Llegada tardía,2025-09-27,2025-09-27
IN0018,OF187,Fallo en check-in,2025-07-11,2025-07-11
IN0019,OF203,Permiso,2025-06-22,2025-06-22
IN0020,OF155,Incapacidad,2025-03-22,2025-03-28
IN0021,OF224,Llegada tardía,2025-09-07,2025-09-07
IN0022,OF163,Ausencia,2025-10-15,2025-10-15
IN0023,OF183,Ausencia,2025-10-29,2025-10-29
IN0024,OF090,Incapacidad,2025-12-19,2025-12-22
IN0025,OF066,Ausencia,2025-01-01,2025-01-01
IN0026,OF294,Incapacidad,2025-10-18,2025-10-19
IN0027,OF094,Permiso,2025-11-10,2025-11-10
IN0028,OF114,Permiso,2025-02-23,2025-02-23
IN0029,OF255,Ausencia,2025-02-09,2025-02-09
IN0030,OF122,Incapacidad,2025-06-13,2025-06-15
IN0031,OF046,Llegada tardía,2025-12-10,2025-12-10
IN0032,OF172,Incapacidad,2025-05-16,2025-05-18
IN0033,OF128,Llegada tardía,2025-06-29,2025-06-29
IN0034,OF132,Llegada tardía,2025-01-01,2025-01-01
IN0035,OF025,Incapacidad,2025-08-03,2025-08-05
IN0036,OF212,Incapacidad,2025-07-13,2025-07-16
IN0037,OF280,Incapacidad,2025-09-03,2025-09-10
IN0038,OF296,Llegada tardía,2025-12-18,2025-12-18
IN0039,OF116,Ausencia,2025-02-07,2025-02-07
IN0040,OF018,Incapacidad,2025-06-13,2025-06-16
IN0041,OF054,Ausencia,2025-03-29,2025-03-29
IN0042,OF193,Ausencia,2025-02-08,2025-02-08
IN0043,OF281,Fallo en check-in,2025-02-17,2025-02-17
IN0044,OF174,Permiso,2025-11-11,2025-11-11
IN0045,OF248,Llegada tardía,2025-08-09,2025-08-09
IN0046,OF085,Permiso,2025-08-11,2025-08-11
IN0047,OF081,Ausencia,2025-06-19,2025-06-19
IN0048,OF106,Fallo en check-in,2025-07-29,2025-07-29
IN0049,OF284,Llegada tardía,2025-10-04,2025-10-04
IN0050,OF136,Llegada tardía,2025-06-02,2025-06-02
IN0051,OF122,Ausencia,2025-07-21,2025-07-21
IN0052,OF293,Permiso,2025-09-09,2025-09-09
IN0053,OF079,Ausencia,2025-01-02,2025-01-02
IN0054,OF219,Ausencia,2025-12-05,2025-12-05
IN0055,OF246,Ausencia,2025-01-14,2025-01-14
IN0056,OF106,Ausencia,2025-05-30,2025-05-30
IN0057,OF042,Incapacidad,2025-03-01,2025-03-04
IN0058,OF204,Incapacidad,2025-12-05,2025-12-08
IN0059,OF047,Llegada tardía,2025-07-18,2025-07-18
IN0060,OF095,Incapacidad,2025-07-15,2025-07-18
IN0061,OF096,Incapacidad,2025-05-15,2025-05-19
IN0062,OF239,Ausencia,2025-05-18,2025-05-18
IN0063,OF289,Ausencia,2025-12-23,2025-12-23
IN0064,OF050,Ausencia,2025-06-26,2025-06-26
IN0065,OF278,Incapacidad,2025-10-29,2025-10-31
IN0066,OF284,Ausencia,2025-07-18,2025-07-18
IN0067,OF268,Incapacidad,2025-10-02,2025-10-08
IN0068,OF244,Permiso,2025-05-01,2025-05-01
IN0069,OF244,Incapacidad,2025-07-22,2025-07-29
IN0070,OF018,Permiso,2025-09-22,2025-09-22
IN0071,OF293,Llegada tardía,2025-11-14,2025-11-14
IN0072,OF076,Ausencia,2025-08-18,2025-08-18
IN0073,OF089,Fallo en check-in,2025-03-27,2025-03-27
IN0074,OF109,Llegada tardía,2025-03-06,2025-03-06
IN0075,OF022,Incapacidad,2025-12-16,2025-12-20
IN0076,OF104,Fallo en check-in,2025-11-18,2025-11-18
IN0077,OF076,Llegada tardía,2025-05-13,2025-05-13
IN0078,OF164,Fallo en check-in,2025-02-04,2025-02-04
IN0079,OF045,Incapacidad,2025-07-23,2025-07-28
IN0080,OF167,Llegada tardía,2025-09-24,2025-09-24
IN0081,OF235,Fallo en check-in,2025-01-07,2025-01-07
IN0082,OF268,Llegada tardía,2025-02-27,2025-02-27
IN0083,OF213,Ausencia,2025-10-18,2025-10-18
IN0084,OF299,Llegada tardía,2025-02-21,2025-02-21
IN0085,OF055,Permiso,2025-02-21,2025-02-21
IN0086,OF147,Fallo en check-in,2025-06-26,2025-06-26
IN0087,OF211,Ausencia,2025-12-02,2025-12-02
IN0088,OF249,Permiso,2025-08-31,2025-08-31
IN0089,OF020,Ausencia,2025-07-26,2025-07-26
IN0090,OF074,Permiso,2025-12-15,2025-12-15
IN0091,OF206,Ausencia,2025-06-19,2025-06-19
IN0092,OF122,Ausencia,2025-09-01,2025-09-01
IN0093,OF138,Fallo en check-in,2025-01-11,2025-01-11
IN0094,OF173,Llegada tardía,2025-06-05,2025-06-05
IN0095,OF160,Incapacidad,2025-09-09,2025-09-16
IN0096,OF051,Fallo en check-in,2025-04-27,2025-04-27
IN0097,OF069,Incapacidad,2025-08-15,2025-08-22
IN0098,OF165,Ausencia,2025-08-02,2025-08-02
IN0099,OF046,Ausencia,2025-04-19,2025-04-19
IN0100,OF209,Llegada tardía,2025-09-22,2025-09-22
IN0101,OF192,Llegada tardía,2025-09-21,2025-09-21
IN0102,OF082,Ausencia,2025-12-30,2025-12-30
IN0103,OF260,Incapacidad,2025-09-26,2025-10-01
IN0104,OF015,Ausencia,2025-04-13,2025-04-13
IN0105,OF030,Ausencia,2025-08-22,2025-08-22
IN0106,OF026,Fallo en check-in,2025-12-27,2025-12-27
IN0107,OF102,Ausencia,2025-08-26,2025-08-26
IN0108,OF259,Incapacidad,2025-03-05,2025-03-11
IN0109,OF016,Ausencia,2025-09-08,2025-09-08
IN0110,OF229,Ausencia,2025-08-31,2025-08-31
IN0111,OF283,Incapacidad,2025-03-25,2025-04-01
IN0112,OF133,Llegada tardía,2025-12-19,2025-12-19
IN0113,OF047,Incapacidad,2025-07-17,2025-07-18
IN0114,OF084,Llegada tardía,2025-04-20,2025-04-20
IN0115,OF114,Llegada tardía,2025-12-13,2025-12-13
IN0116,OF106,Ausencia,2025-07-29,2025-07-29
IN0117,OF263,Ausencia,2025-12-16,2025-12-16
IN0118,OF005,Incapacidad,2025-03-09,2025-03-15
IN0119,OF089,Permiso,2025-01-05,2025-01-05
IN0120,OF115,Ausencia,2025-06-06,2025-06-06
IN0121,OF141,Incapacidad,2025-07-12,2025-07-19
IN0122,OF179,Incapacidad,2025-04-22,2025-04-26
IN0123,OF155,Llegada tardía,2025-11-16,2025-11-16
IN0124,OF204,Permiso,2025-01-04,2025-01-04
IN0125,OF262,Fallo en check-in,2025-07-11,2025-07-11
IN0126,OF288,Llegada tardía,2025-11-08,2025-11-08
IN0127,OF145,Incapacidad,2025-02-25,2025-03-01
IN0128,OF033,Incapacidad,2025-05-22,2025-05-28
IN0129,OF167,Fallo en check-in,2025-05-14,2025-05-14
IN0130,OF153,Ausencia,2025-09-22,2025-09-22
IN0131,OF124,Fallo en check-in,2025-11-04,2025-11-04
IN0132,OF207,Llegada tardía,2025-12-15,2025-12-15
IN0133,OF072,Llegada tardía,2025-12-02,2025-12-02
IN0134,OF255,Fallo en check-in,2025-05-13,2025-05-13
IN0135,OF215,Incapacidad,2025-01-19,2025-01-24
IN0136,OF293,Llegada tardía,2025-06-25,2025-06-25
IN0137,OF114,Llegada tardía,2025-11-23,2025-11-23
IN0138,OF244,Fallo en check-in,2025-12-10,2025-12-10
IN0139,OF184,Permiso,2025-03-29,2025-03-29
IN0140,OF286,Ausencia,2025-02-19,2025-02-19
IN0141,OF242,Ausencia,2025-05-13,2025-05-13
IN0142,OF287,Llegada tardía,2025-04-04,2025-04-04
IN0143,OF172,Llegada tardía,2025-04-24,2025-04-24
IN0144,OF182,Ausencia,2025-06-07,2025-06-07
IN0145,OF216,Llegada tardía,2025-06-19,2025-06-19
IN0146,OF191,Ausencia,2025-05-31,2025-05-31
IN0147,OF238,Llegada tardía,2025-08-29,2025-08-29
IN0148,OF028,Fallo en check-in,2025-10-26,2025-10-26
IN0149,OF298,Fallo en check-in,2025-02-06,2025-02-06
IN0150,OF242,Fallo en check-in,2025-09-14,2025-09-14
IN0151,OF062,Fallo en check-in,2025-07-15,2025-07-15
IN0152,OF272,Incapacidad,2025-01-28,2025-02-04
IN0153,OF078,Ausencia,2025-04-13,2025-04-13
IN0154,OF176,Incapacidad,2025-10-19,2025-10-23
IN0155,OF074,Incapacidad,2025-04-03,2025-04-10
IN0156,OF042,Incapacidad,2025-11-20,2025-11-22
IN0157,OF161,Permiso,2025-01-03,2025-01-03
IN0158,OF232,Ausencia,2025-03-28,2025-03-28
IN0159,OF296,Llegada tardía,2025-09-08,2025-09-08
IN0160,OF046,Ausencia,2025-08-11,2025-08-11
IN0161,OF220,Incapacidad,2025-09-02,2025-09-06
IN0162,OF003,Ausencia,2025-04-13,2025-04-13
IN0163,OF192,Fallo en check-in,2025-06-14,2025-06-14
IN0164,OF272,Ausencia,2025-12-13,2025-12-13
IN0165,OF003,Permiso,2025-05-08,2025-05-08
IN0166,OF116,Llegada tardía,2025-06-26,2025-06-26
IN0167,OF160,Ausencia,2025-07-16,2025-07-16
IN0168,OF258,Permiso,2025-03-27,2025-03-27
IN0169,OF034,Llegada tardía,2025-06-02,2025-06-02
IN0170,OF149,Incapacidad,2025-09-24,2025-09-29
IN0171,OF269,Incapacidad,2025-12-18,2025-12-20
IN0172,OF176,Fallo en check-in,2025-09-08,2025-09-08
IN0173,OF184,Llegada tardía,2025-03-26,2025-03-26
IN0174,OF207,Ausencia,2025-04-25,2025-04-25
IN0175,OF068,Ausencia,2025-01-12,2025-01-12
IN0176,OF259,Ausencia,2025-07-07,2025-07-07
IN0177,OF020,Incapacidad,2025-11-24,2025-11-27
IN0178,OF274,Permiso,2025-11-01,2025-11-01
IN0179,OF025,Llegada tardía,2025-12-01,2025-12-01
IN0180,OF011,Ausencia,2025-03-01,2025-03-01
IN0181,OF214,Incapacidad,2025-03-05,2025-03-10
IN0182,OF130,Incapacidad,2025-03-20,2025-03-22
IN0183,OF005,Incapacidad,2025-12-05,2025-12-06
IN0184,OF267,Ausencia,2025-11-07,2025-11-07
IN0185,OF071,Incapacidad,2025-02-23,2025-02-28
IN0186,OF061,Incapacidad,2025-02-24,2025-02-28
IN0187,OF102,Permiso,2025-05-15,2025-05-15
IN0188,OF268,Fallo en check-in,2025-07-03,2025-07-03
IN0189,OF210,Incapacidad,2025-01-21,2025-01-26
IN0190,OF255,Fallo en check-in,2025-12-19,2025-12-19
IN0191,OF247,Incapacidad,2025-01-02,2025-01-03
IN0192,OF046,Fallo en check-in,2025-10-21,2025-10-21
IN0193,OF253,Ausencia,2025-02-16,2025-02-16
IN0194,OF262,Ausencia,2025-02-21,2025-02-21
IN0195,OF132,Llegada tardía,2025-08-22,2025-08-22
IN0196,OF152,Ausencia,2025-01-26,2025-01-26
IN0197,OF052,Llegada tardía,2025-01-21,2025-01-21
IN0198,OF149,Incapacidad,2025-12-13,2025-12-16
IN0199,OF219,Llegada tardía,2025-02-18,2025-02-18
IN0200,OF024,Ausencia,2025-03-12,2025-03-12
IN0201,OF088,Incapacidad,2025-08-13,2025-08-18
IN0202,OF138,Fallo en check-in,2025-02-17,2025-02-17
IN0203,OF191,Llegada tardía,2025-04-04,2025-04-04
IN0204,OF059,Incapacidad,2025-08-22,2025-08-25
IN0205,OF198,Llegada tardía,2025-09-02,2025-09-02
IN0206,OF216,Llegada tardía,2025-03-27,2025-03-27
IN0207,OF058,Ausencia,2025-01-31,2025-01-31
IN0208,OF082,Ausencia,2025-10-30,2025-10-30
IN0209,OF248,Llegada tardía,2025-12-14,2025-12-14
IN0210,OF225,Ausencia,2025-07-14,2025-07-14
IN0211,OF184,Permiso,2025-12-17,2025-12-17
IN0212,OF067,Incapacidad,2025-09-07,2025-09-08
IN0213,OF211,Incapacidad,2025-02-02,2025-02-05
IN0214,OF161,Ausencia,2025-12-14,2025-12-14
IN0215,OF269,Llegada tardía,2025-10-23,2025-10-23
IN0216,OF290,Ausencia,2025-12-09,2025-12-09
IN0217,OF174,Permiso,2025-12-19,2025-12-19
IN0218,OF049,Incapacidad,2025-05-08,2025-05-12
IN0219,OF178,Llegada tardía,2025-11-25,2025-11-25
IN0220,OF198,Ausencia,2025-10-13,2025-10-13
IN0221,OF028,Ausencia,2025-03-22,2025-03-22
IN0222,OF259,Llegada tardía,2025-09-11,2025-09-11
IN0223,OF085,Ausencia,2025-09-09,2025-09-09
IN0224,OF165,Ausencia,2025-05-23,2025-05-23
IN0225,OF026,Permiso,2025-10-09,2025-10-09
IN0226,OF194,Incapacidad,2025-05-01,2025-05-02
IN0227,OF236,Incapacidad,2025-10-21,2025-10-25
IN0228,OF046,Llegada tardía,2025-08-17,2025-08-17
IN0229,OF162,Ausencia,2025-09-12,2025-09-12
IN0230,OF010,Ausencia,2025-07-31,2025-07-31
IN0231,OF019,Permiso,2025-01-01,2025-01-01
IN0232,OF047,Llegada tardía,2025-11-13,2025-11-13
IN0233,OF156,Fallo en check-in,2025-10-15,2025-10-15
IN0234,OF106,Llegada tardía,2025-08-22,2025-08-22
IN0235,OF175,Incapacidad,2025-01-28,2025-02-04
IN0236,OF115,Llegada tardía,2025-06-19,2025-06-19
IN0237,OF287,Llegada tardía,2025-11-04,2025-11-04
IN0238,OF243,Llegada tardía,2025-07-06,2025-07-06
IN0239,OF232,Ausencia,2025-12-04,2025-12-04
IN0240,OF114,Ausencia,2025-07-01,2025-07-01
IN0241,OF150,Permiso,2025-07-11,2025-07-11
IN0242,OF055,Ausencia,2025-03-26,2025-03-26
IN0243,OF253,Ausencia,2025-07-29,2025-07-29
IN0244,OF055,Ausencia,2025-04-11,2025-04-11
IN0245,OF097,Ausencia,2025-07-21,2025-07-21
IN0246,OF111,Incapacidad,2025-04-08,2025-04-14
IN0247,OF174,Ausencia,2025-08-01,2025-08-01
IN0248,OF024,Fallo en check-in,2025-12-11,2025-12-11
IN0249,OF064,Llegada tardía,2025-08-19,2025-08-19
IN0250,OF235,Llegada tardía,2025-09-16,2025-09-16
IN0251,OF069,Fallo en check-in,2025-01-03,2025-01-03
IN0252,OF272,Llegada tardía,2025-10-11,2025-10-11
IN0253,OF222,Llegada tardía,2025-09-05,2025-09-05
IN0254,OF261,Llegada tardía,2025-04-01,2025-04-01
IN0255,OF297,Ausencia,2025-03-07,2025-03-07
IN0256,OF054,Incapacidad,2025-11-04,2025-11-09
IN0257,OF165,Permiso,2025-07-16,2025-07-16
IN0258,OF215,Fallo en check-in,2025-12-21,2025-12-21
IN0259,OF128,Ausencia,2025-06-25,2025-06-25
IN0260,OF151,Incapacidad,2025-03-10,2025-03-12
IN0261,OF212,Permiso,2025-09-20,2025-09-20
IN0262,OF154,Llegada tardía,2025-10-08,2025-10-08
IN0263,OF161,Llegada tardía,2025-10-11,2025-10-11
IN0264,OF112,Ausencia,2025-11-16,2025-11-16
IN0265,OF149,Llegada tardía,2025-12-11,2025-12-11
IN0266,OF068,Fallo en check-in,2025-11-29,2025-11-29
IN0267,OF092,Permiso,2025-12-22,2025-12-22
IN0268,OF166,Llegada tardía,2025-06-30,2025-06-30
IN0269,OF288,Incapacidad,2025-10-20,2025-10-26
IN0270,OF214,Llegada tardía,2025-10-01,2025-10-01
IN0271,OF147,Fallo en check-in,2025-08-05,2025-08-05
IN0272,OF007,Permiso,2025-01-13,2025-01-13
IN0273,OF196,Ausencia,2025-12-10,2025-12-10
IN0274,OF029,Ausencia,2025-03-24,2025-03-24
IN0275,OF147,Llegada tardía,2025-03-16,2025-03-16
IN0276,OF032,Llegada tardía,2025-06-01,2025-06-01
IN0277,OF105,Llegada tardía,2025-01-17,2025-01-17
IN0278,OF184,Llegada tardía,2025-02-22,2025-02-22
IN0279,OF288,Fallo en check-in,2025-11-28,2025-11-28
IN0280,OF288,Incapacidad,2025-09-19,2025-09-26
IN0281,OF148,Llegada tardía,2025-01-25,2025-01-25
IN0282,OF196,Incapacidad,2025-12-17,2025-12-20
IN0283,OF283,Ausencia,2025-05-09,2025-05-09
IN0284,OF104,Permiso,2025-08-15,2025-08-15
IN0285,OF116,Fallo en check-in,2025-12-27,2025-12-27
IN0286,OF189,Llegada tardía,2025-10-07,2025-10-07
IN0287,OF101,Llegada tardía,2025-04-10,2025-04-10
IN0288,OF151,Incapacidad,2025-12-16,2025-12-17
IN0289,OF096,Fallo en check-in,2025-09-21,2025-09-21
IN0290,OF062,Incapacidad,2025-08-08,2025-08-11
IN0291,OF285,Ausencia,2025-03-24,2025-03-24
IN0292,OF300,Llegada tardía,2025-01-03,2025-01-03
IN0293,OF170,Incapacidad,2025-03-21,2025-03-22
IN0294,OF079,Fallo en check-in,2025-11-02,2025-11-02
IN0295,OF027,Llegada tardía,2025-11-17,2025-11-17
IN0296,OF155,Incapacidad,2025-10-21,2025-10-26
IN0297,OF184,Ausencia,2025-12-29,2025-12-29
IN0298,OF163,Permiso,2025-04-05,2025-04-05
IN0299,OF267,Ausencia,2025-09-16,2025-09-16
IN0300,OF082,Incapacidad,2025-10-02,2025-10-06
IN0301,OF048,Incapacidad,2025-04-20,2025-04-26
IN0302,OF170,Incapacidad,2025-05-31,2025-06-02
IN0303,OF272,Incapacidad,2025-10-15,2025-10-22
IN0304,OF005,Ausencia,2025-06-27,2025-06-27
IN0305,OF229,Ausencia,2025-11-25,2025-11-25
IN0306,OF125,Fallo en check-in,2025-12-16,2025-12-16
IN0307,OF165,Incapacidad,2025-02-28,2025-03-04
IN0308,OF132,Permiso,2025-05-25,2025-05-25
IN0309,OF013,Fallo en check-in,2025-07-11,2025-07-11
IN0310,OF264,Llegada tardía,2025-08-17,2025-08-17
IN0311,OF250,Ausencia,2025-11-30,2025-11-30
IN0312,OF099,Incapacidad,2025-02-12,2025-02-13
IN0313,OF086,Fallo en check-in,2025-10-03,2025-10-03
IN0314,OF274,Ausencia,2025-02-03,2025-02-03
IN0315,OF108,Llegada tardía,2025-04-20,2025-04-20
IN0316,OF218,Llegada tardía,2025-04-16,2025-04-16
IN0317,OF276,Llegada tardía,2025-08-11,2025-08-11
IN0318,OF037,Llegada tardía,2025-03-20,2025-03-20
IN0319,OF013,Incapacidad,2025-06-19,2025-06-20
IN0320,OF045,Ausencia,2025-04-02,2025-04-02
IN0321,OF129,Permiso,2025-10-22,2025-10-22
IN0322,OF117,Fallo en check-in,2025-07-28,2025-07-28
IN0323,OF199,Incapacidad,2025-07-27,2025-07-31
IN0324,OF162,Ausencia,2025-12-11,2025-12-11
IN0325,OF061,Permiso,2025-11-25,2025-11-25
IN0326,OF033,Llegada tardía,2025-10-27,2025-10-27
IN0327,OF024,Llegada tardía,2025-02-07,2025-02-07
IN0328,OF184,Fallo en check-in,2025-02-24,2025-02-24
IN0329,OF149,Llegada tardía,2025-06-04,2025-06-04
IN0330,OF045,Incapacidad,2025-08-13,2025-08-17
IN0331,OF203,Llegada tardía,2025-01-16,2025-01-16
IN0332,OF243,Ausencia,2025-04-23,2025-04-23
IN0333,OF070,Llegada tardía,2025-10-07,2025-10-07
IN0334,OF152,Fallo en check-in,2025-03-15,2025-03-15
IN0335,OF153,Llegada tardía,2025-11-28,2025-11-28
IN0336,OF192,Fallo en check-in,2025-01-06,2025-01-06
IN0337,OF284,Fallo en check-in,2025-03-14,2025-03-14
IN0338,OF064,Ausencia,2025-10-21,2025-10-21
IN0339,OF202,Permiso,2025-02-13,2025-02-13
IN0340,OF157,Ausencia,2025-06-26,2025-06-26
IN0341,OF109,Incapacidad,2025-11-27,2025-12-04
IN0342,OF263,Ausencia,2025-04-05,2025-04-05
IN0343,OF114,Permiso,2025-05-10,2025-05-10
IN0344,OF100,Ausencia,2025-12-10,2025-12-10
IN0345,OF291,Llegada tardía,2025-10-09,2025-10-09
IN0346,OF237,Llegada tardía,2025-02-07,2025-02-07
IN0347,OF149,Llegada tardía,2025-05-09,2025-05-09
IN0348,OF051,Ausencia,2025-10-25,2025-10-25
IN0349,OF250,Fallo en check-in,2025-07-02,2025-07-02
IN0350,OF066,Llegada tardía,2025-05-01,2025-05-01
IN0351,OF052,Incapacidad,2025-02-05,2025-02-07
IN0352,OF163,Incapacidad,2025-06-18,2025-06-23
IN0353,OF157,Llegada tardía,2025-03-20,2025-03-20
IN0354,OF290,Permiso,2025-06-11,2025-06-11
IN0355,OF220,Ausencia,2025-06-10,2025-06-10
IN0356,OF127,Llegada tardía,2025-12-31,2025-12-31
IN0357,OF224,Ausencia,2025-07-04,2025-07-04
IN0358,OF069,Llegada tardía,2025-06-19,2025-06-19
IN0359,OF246,Incapacidad,2025-07-03,2025-07-10
IN0360,OF157,Incapacidad,2025-02-25,2025-02-27
IN0361,OF042,Llegada tardía,2025-03-13,2025-03-13
IN0362,OF276,Ausencia,2025-11-17,2025-11-17
IN0363,OF040,Llegada tardía,2025-01-10,2025-01-10
IN0364,OF260,Permiso,2025-10-25,2025-10-25
IN0365,OF297,Incapacidad,2025-10-30,2025-11-01
IN0366,OF019,Permiso,2025-10-06,2025-10-06
IN0367,OF277,Incapacidad,2025-03-18,2025-03-21
IN0368,OF201,Ausencia,2025-10-29,2025-10-29
IN0369,OF149,Ausencia,2025-09-14,2025-09-14
IN0370,OF262,Ausencia,2025-07-06,2025-07-06
IN0371,OF258,Ausencia,2025-05-03,2025-05-03
IN0372,OF085,Llegada tardía,2025-03-13,2025-03-13
IN0373,OF229,Ausencia,2025-10-17,2025-10-17
IN0374,OF290,Llegada tardía,2025-03-16,2025-03-16
IN0375,OF248,Fallo en check-in,2025-01-21,2025-01-21
IN0376,OF113,Llegada tardía,2025-04-29,2025-04-29
IN0377,OF033,Ausencia,2025-04-30,2025-04-30
IN0378,OF022,Llegada tardía,2025-09-23,2025-09-23
IN0379,OF185,Incapacidad,2025-08-21,2025-08-22
IN0380,OF021,Fallo en check-in,2025-06-15,2025-06-15
IN0381,OF053,Llegada tardía,2025-09-24,2025-09-24
IN0382,OF141,Llegada tardía,2025-05-15,2025-05-15
IN0383,OF297,Permiso,2025-03-31,2025-03-31
IN0384,OF193,Llegada tardía,2025-07-07,2025-07-07
IN0385,OF040,Permiso,2025-07-12,2025-07-12
IN0386,OF115,Permiso,2025-06-30,2025-06-30
IN0387,OF177,Incapacidad,2025-09-04,2025-09-09
IN0388,OF004,Permiso,2025-03-13,2025-03-13
IN0389,OF226,Ausencia,2025-02-09,2025-02-09
IN0390,OF264,Llegada tardía,2025-04-19,2025-04-19
IN0391,OF077,Ausencia,2025-07-05,2025-07-05
IN0392,OF061,Llegada tardía,2025-08-01,2025-08-01
IN0393,OF170,Llegada tardía,2025-09-04,2025-09-04
IN0394,OF246,Incapacidad,2025-10-30,2025-11-01
IN0395,OF211,Ausencia,2025-01-23,2025-01-23
IN0396,OF066,Permiso,2025-03-24,2025-03-24
IN0397,OF069,Permiso,2025-01-21,2025-01-21
IN0398,OF294,Ausencia,2025-03-27,2025-03-27
IN0399,OF133,Fallo en check-in,2025-09-22,2025-09-22
IN0400,OF208,Permiso,2025-10-16,2025-10-16
IN0401,OF010,Fallo en check-in,2025-12-05,2025-12-05
IN0402,OF146,Fallo en check-in,2025-04-21,2025-04-21
IN0403,OF230,Permiso,2025-08-30,2025-08-30
IN0404,OF247,Ausencia,2025-07-30,2025-07-30
IN0405,OF074,Llegada tardía,2025-04-04,2025-04-04
IN0406,OF262,Ausencia,2025-12-18,2025-12-18
IN0407,OF176,Fallo en check-in,2025-11-02,2025-11-02
IN0408,OF036,Ausencia,2025-07-17,2025-07-17
IN0409,OF068,Ausencia,2025-04-14,2025-04-14
IN0410,OF268,Llegada tardía,2025-09-16,2025-09-16
IN0411,OF215,Llegada tardía,2025-11-07,2025-11-07
IN0412,OF050,Ausencia,2025-11-11,2025-11-11
IN0413,OF020,Fallo en check-in,2025-09-30,2025-09-30
IN0414,OF258,Llegada tardía,2025-02-17,2025-02-17
IN0415,OF247,Llegada tardía,2025-11-05,2025-11-05
IN0416,OF277,Llegada tardía,2025-12-14,2025-12-14
IN0417,OF221,Permiso,2025-07-09,2025-07-09
IN0418,OF023,Llegada tardía,2025-08-08,2025-08-08
IN0419,OF118,Fallo en check-in,2025-09-04,2025-09-04
IN0420,OF196,Incapacidad,2025-12-23,2025-12-28
IN0421,OF051,Incapacidad,2025-05-11,2025-05-15
IN0422,OF120,Fallo en check-in,2025-02-12,2025-02-12
IN0423,OF146,Permiso,2025-10-06,2025-10-06
IN0424,OF210,Ausencia,2025-01-03,2025-01-03
IN0425,OF004,Permiso,2025-03-02,2025-03-02
IN0426,OF267,Ausencia,2025-12-02,2025-12-02
IN0427,OF106,Llegada tardía,2025-06-11,2025-06-11
IN0428,OF210,Incapacidad,2025-03-21,2025-03-25
IN0429,OF300,Ausencia,2025-10-02,2025-10-02
IN0430,OF217,Permiso,2025-11-10,2025-11-10
IN0431,OF142,Fallo en check-in,2025-07-23,2025-07-23
IN0432,OF105,Incapacidad,2025-10-13,2025-10-17
IN0433,OF092,Incapacidad,2025-10-12,2025-10-16
IN0434,OF130,Fallo en check-in,2025-10-23,2025-10-23
IN0435,OF177,Llegada tardía,2025-07-23,2025-07-23
IN0436,OF071,Llegada tardía,2025-12-04,2025-12-04
IN0437,OF061,Llegada tardía,2025-08-17,2025-08-17
IN0438,OF083,Ausencia,2025-09-18,2025-09-18
IN0439,OF206,Llegada tardía,2025-10-09,2025-10-09
IN0440,OF027,Ausencia,2025-11-22,2025-11-22
IN0441,OF003,Llegada tardía,2025-03-16,2025-03-16
IN0442,OF242,Fallo en check-in,2025-08-11,2025-08-11
IN0443,OF046,Ausencia,2025-04-24,2025-04-24
IN0444,OF190,Ausencia,2025-01-20,2025-01-20
IN0445,OF197,Fallo en check-in,2025-07-25,2025-07-25
IN0446,OF267,Incapacidad,2025-11-02,2025-11-03
IN0447,OF090,Llegada tardía,2025-08-13,2025-08-13
IN0448,OF006,Ausencia,2025-12-03,2025-12-03
IN0449,OF266,Incapacidad,2025-01-18,2025-01-25
IN0450,OF262,Permiso,2025-04-29,2025-04-29
IN0451,OF087,Llegada tardía,2025-07-04,2025-07-04
IN0452,OF123,Llegada tardía,2025-03-22,2025-03-22
IN0453,OF045,Fallo en check-in,2025-07-24,2025-07-24
IN0454,OF181,Llegada tardía,2025-07-27,2025-07-27
IN0455,OF103,Permiso,2025-12-27,2025-12-27
IN0456,OF036,Fallo en check-in,2025-10-09,2025-10-09
IN0457,OF146,Llegada tardía,2025-10-14,2025-10-14
IN0458,OF299,Incapacidad,2025-05-22,2025-05-24
IN0459,OF100,Incapacidad,2025-07-26,2025-07-31
IN0460,OF003,Ausencia,2025-07-28,2025-07-28
IN0461,OF260,Ausencia,2025-02-07,2025-02-07
IN0462,OF258,Incapacidad,2025-03-01,2025-03-08
IN0463,OF263,Fallo en check-in,2025-10-03,2025-10-03
IN0464,OF295,Ausencia,2025-08-15,2025-08-15
IN0465,OF194,Permiso,2025-05-05,2025-05-05
IN0466,OF174,Fallo en check-in,2025-08-23,2025-08-23
IN0467,OF236,Fallo en check-in,2025-01-15,2025-01-15
IN0468,OF247,Ausencia,2025-02-04,2025-02-04
IN0469,OF196,Permiso,2025-04-23,2025-04-23
IN0470,OF118,Llegada tardía,2025-07-31,2025-07-31
IN0471,OF181,Permiso,2025-01-05,2025-01-05
IN0472,OF135,Ausencia,2025-02-17,2025-02-17
IN0473,OF205,Llegada tardía,2025-06-25,2025-06-25
IN0474,OF039,Permiso,2025-04-02,2025-04-02
IN0475,OF244,Incapacidad,2025-04-22,2025-04-27
IN0476,OF138,Ausencia,2025-12-16,2025-12-16
IN0477,OF098,Incapacidad,2025-04-13,2025-04-15
IN0478,OF124,Fallo en check-in,2025-04-16,2025-04-16
IN0479,OF118,Ausencia,2025-05-08,2025-05-08
IN0480,OF183,Ausencia,2025-02-24,2025-02-24
IN0481,OF062,Fallo en check-in,2025-12-13,2025-12-13
IN0482,OF253,Permiso,2025-10-05,2025-10-05
IN0483,OF022,Llegada tardía,2025-07-10,2025-07-10
IN0484,OF162,Incapacidad,2025-10-22,2025-10-29
IN0485,OF141,Incapacidad,2025-09-19,2025-09-22
IN0486,OF204,Ausencia,2025-10-23,2025-10-23
IN0487,OF066,Ausencia,2025-08-05,2025-08-05
IN0488,OF245,Fallo en check-in,2025-01-17,2025-01-17
IN0489,OF258,Incapacidad,2025-12-18,2025-12-25
IN0490,OF090,Incapacidad,2025-03-03,2025-03-09
IN0491,OF266,Incapacidad,2025-12-19,2025-12-20
IN0492,OF007,Llegada tardía,2025-07-14,2025-07-14
IN0493,OF298,Ausencia,2025-07-05,2025-07-05
IN0494,OF133,Ausencia,2025-05-15,2025-05-15
IN0495,OF122,Ausencia,2025-11-10,2025-11-10
IN0496,OF176,Incapacidad,2025-09-13,2025-09-17
IN0497,OF108,Incapacidad,2025-07-10,2025-07-13
IN0498,OF206,Ausencia,2025-04-03,2025-04-03
IN0499,OF293,Ausencia,2025-10-22,2025-10-22
IN0500,OF118,Llegada tardía,2025-05-19,2025-05-19
IN0501,OF121,Permiso,2025-07-15,2025-07-15
IN0502,OF101,Ausencia,2025-03-18,2025-03-18
IN0503,OF243,Llegada tardía,2025-04-01,2025-04-01
IN0504,OF216,Incapacidad,2025-11-19,2025-11-24
IN0505,OF274,Llegada tardía,2025-09-07,2025-09-07
IN0506,OF154,Ausencia,2025-10-18,2025-10-18
IN0507,OF025,Incapacidad,2025-12-20,2025-12-22
IN0508,OF031,Ausencia,2025-05-11,2025-05-11
IN0509,OF244,Llegada tardía,2025-02-19,2025-02-19
IN0510,OF231,Llegada tardía,2025-05-14,2025-05-14
IN0511,OF185,Incapacidad,2025-10-13,2025-10-20
IN0512,OF132,Incapacidad,2025-07-30,2025-07-31
IN0513,OF180,Fallo en check-in,2025-11-07,2025-11-07
IN0514,OF102,Permiso,2025-11-29,2025-11-29
IN0515,OF276,Ausencia,2025-05-26,2025-05-26
IN0516,OF182,Incapacidad,2025-09-19,2025-09-23
IN0517,OF229,Fallo en check-in,2025-07-15,2025-07-15
IN0518,OF147,Incapacidad,2025-03-16,2025-03-23
IN0519,OF086,Llegada tardía,2025-06-22,2025-06-22
IN0520,OF216,Permiso,2025-10-20,2025-10-20
IN0521,OF208,Llegada tardía,2025-02-06,2025-02-06
IN0522,OF041,Ausencia,2025-04-27,2025-04-27
IN0523,OF161,Incapacidad,2025-05-30,2025-06-05
IN0524,OF137,Permiso,2025-07-22,2025-07-22
IN0525,OF139,Fallo en check-in,2025-07-05,2025-07-05
IN0526,OF267,Fallo en check-in,2025-07-31,2025-07-31
IN0527,OF086,Ausencia,2025-01-12,2025-01-12
IN0528,OF065,Llegada tardía,2025-12-05,2025-12-05
IN0529,OF129,Fallo en check-in,2025-12-25,2025-12-25
IN0530,OF041,Ausencia,2025-07-23,2025-07-23
IN0531,OF053,Ausencia,2025-08-31,2025-08-31
IN0532,OF281,Ausencia,2025-07-23,2025-07-23
IN0533,OF269,Llegada tardía,2025-02-12,2025-02-12
IN0534,OF054,Ausencia,2025-03-21,2025-03-21
IN0535,OF044,Llegada tardía,2025-07-19,2025-07-19
IN0536,OF159,Ausencia,2025-05-26,2025-05-26
IN0537,OF227,Permiso,2025-03-09,2025-03-09
IN0538,OF270,Llegada tardía,2025-01-15,2025-01-15
IN0539,OF018,Llegada tardía,2025-06-16,2025-06-16
IN0540,OF244,Incapacidad,2025-10-04,2025-10-07
IN0541,OF281,Incapacidad,2025-12-24,2025-12-29
IN0542,OF091,Permiso,2025-08-22,2025-08-22
IN0543,OF289,Incapacidad,2025-11-24,2025-11-30
IN0544,OF274,Incapacidad,2025-06-27,2025-07-01
IN0545,OF277,Ausencia,2025-02-15,2025-02-15
IN0546,OF227,Incapacidad,2025-07-31,2025-08-03
IN0547,OF080,Incapacidad,2025-01-01,2025-01-06
IN0548,OF070,Incapacidad,2025-08-29,2025-09-03
IN0549,OF005,Llegada tardía,2025-09-09,2025-09-09
IN0550,OF245,Incapacidad,2025-08-09,2025-08-16
IN0551,OF150,Permiso,2025-01-04,2025-01-04
IN0552,OF281,Incapacidad,2025-07-30,2025-08-04
IN0553,OF224,Incapacidad,2025-03-25,2025-03-31
IN0554,OF200,Llegada tardía,2025-04-23,2025-04-23
IN0555,OF135,Ausencia,2025-11-17,2025-11-17
IN0556,OF123,Permiso,2025-11-10,2025-11-10
IN0557,OF140,Incapacidad,2025-09-30,2025-10-07
IN0558,OF138,Incapacidad,2025-02-05,2025-02-07
IN0559,OF070,Incapacidad,2025-11-23,2025-11-27
IN0560,OF232,Ausencia,2025-11-15,2025-11-15
IN0561,OF252,Ausencia,2025-01-10,2025-01-10
IN0562,OF078,Ausencia,2025-10-01,2025-10-01
IN0563,OF012,Ausencia,2025-02-22,2025-02-22
IN0564,OF145,Ausencia,2025-08-13,2025-08-13
IN0565,OF005,Ausencia,2025-03-19,2025-03-19
IN0566,OF008,Incapacidad,2025-06-25,2025-06-29
IN0567,OF160,Llegada tardía,2025-09-13,2025-09-13
IN0568,OF191,Incapacidad,2025-01-17,2025-01-20
IN0569,OF042,Llegada tardía,2025-03-16,2025-03-16
IN0570,OF029,Ausencia,2025-07-20,2025-07-20
IN0571,OF037,Permiso,2025-04-03,2025-04-03
IN0572,OF099,Fallo en check-in,2025-05-09,2025-05-09
IN0573,OF196,Llegada tardía,2025-03-04,2025-03-04
IN0574,OF128,Incapacidad,2025-08-15,2025-08-17
IN0575,OF018,Ausencia,2025-02-18,2025-02-18
IN0576,OF267,Llegada tardía,2025-04-17,2025-04-17
IN0577,OF243,Incapacidad,2025-06-09,2025-06-12
IN0578,OF082,Permiso,2025-01-22,2025-01-22
IN0579,OF282,Permiso,2025-05-10,2025-05-10
IN0580,OF247,Permiso,2025-04-12,2025-04-12
IN0581,OF185,Fallo en check-in,2025-12-08,2025-12-08
IN0582,OF112,Fallo en check-in,2025-05-01,2025-05-01
IN0583,OF223,Incapacidad,2025-03-27,2025-04-03
IN0584,OF142,Permiso,2025-07-22,2025-07-22
IN0585,OF125,Ausencia,2025-01-22,2025-01-22
IN0586,OF298,Llegada tardía,2025-09-01,2025-09-01
IN0587,OF080,Incapacidad,2025-02-15,2025-02-17
IN0588,OF081,Incapacidad,2025-12-18,2025-12-23
IN0589,OF174,Fallo en check-in,2025-11-17,2025-11-17
IN0590,OF031,Ausencia,2025-11-27,2025-11-27
IN0591,OF079,Llegada tardía,2025-02-24,2025-02-24
IN0592,OF065,Incapacidad,2025-06-12,2025-06-17
IN0593,OF178,Llegada tardía,2025-08-13,2025-08-13
IN0594,OF099,Ausencia,2025-07-13,2025-07-13
IN0595,OF184,Llegada tardía,2025-05-09,2025-05-09
IN0596,OF021,Incapacidad,2025-08-13,2025-08-18
IN0597,OF151,Permiso,2025-09-08,2025-09-08
IN0598,OF098,Permiso,2025-10-06,2025-10-06
IN0599,OF179,Incapacidad,2025-08-28,2025-08-31
IN0600,OF284,Ausencia,2025-09-29,2025-09-29
IN0601,OF080,Incapacidad,2025-05-15,2025-05-20
IN0602,OF188,Incapacidad,2025-11-23,2025-11-28
IN0603,OF195,Llegada tardía,2025-01-10,2025-01-10
IN0604,OF187,Llegada tardía,2025-05-03,2025-05-03
IN0605,OF165,Llegada tardía,2025-12-04,2025-12-04
IN0606,OF276,Llegada tardía,2025-04-08,2025-04-08
IN0607,OF269,Llegada tardía,2025-10-10,2025-10-10
IN0608,OF079,Permiso,2025-06-15,2025-06-15
IN0609,OF210,Llegada tardía,2025-02-26,2025-02-26
IN0610,OF050,Permiso,2025-02-04,2025-02-04
IN0611,OF023,Llegada tardía,2025-03-08,2025-03-08
IN0612,OF092,Fallo en check-in,2025-04-14,2025-04-14
IN0613,OF055,Incapacidad,2025-02-20,2025-02-21
IN0614,OF293,Llegada tardía,2025-07-18,2025-07-18
IN0615,OF251,Permiso,2025-12-26,2025-12-26
IN0616,OF132,Ausencia,2025-04-24,2025-04-24
IN0617,OF037,Ausencia,2025-04-17,2025-04-17
IN0618,OF252,Fallo en check-in,2025-02-10,2025-02-10
IN0619,OF240,Llegada tardía,2025-02-01,2025-02-01
IN0620,OF185,Permiso,2025-08-01,2025-08-01
IN0621,OF189,Llegada tardía,2025-01-30,2025-01-30
IN0622,OF137,Permiso,2025-02-06,2025-02-06
IN0623,OF156,Ausencia,2025-04-21,2025-04-21
IN0624,OF266,Ausencia,2025-04-29,2025-04-29
IN0625,OF273,Incapacidad,2025-04-09,2025-04-14
IN0626,OF128,Permiso,2025-04-02,2025-04-02
IN0627,OF286,Llegada tardía,2025-08-01,2025-08-01
IN0628,OF055,Llegada tardía,2025-10-23,2025-10-23
IN0629,OF184,Llegada tardía,2025-12-26,2025-12-26
IN0630,OF219,Fallo en check-in,2025-03-27,2025-03-27
IN0631,OF093,Permiso,2025-09-16,2025-09-16
IN0632,OF173,Llegada tardía,2025-10-01,2025-10-01
IN0633,OF227,Fallo en check-in,2025-06-11,2025-06-11
IN0634,OF282,Fallo en check-in,2025-06-16,2025-06-16
IN0635,OF191,Incapacidad,2025-11-21,2025-11-25
IN0636,OF166,Permiso,2025-10-16,2025-10-16
IN0637,OF280,Ausencia,2025-10-09,2025-10-09
IN0638,OF131,Incapacidad,2025-08-20,2025-08-24
IN0639,OF204,Ausencia,2025-01-18,2025-01-18
IN0640,OF146,Permiso,2025-09-23,2025-09-23
IN0641,OF070,Fallo en check-in,2025-06-04,2025-06-04
IN0642,OF004,Incapacidad,2025-04-24,2025-04-26
IN0643,OF162,Ausencia,2025-12-20,2025-12-20
IN0644,OF142,Fallo en check-in,2025-09-19,2025-09-19
IN0645,OF285,Permiso,2025-10-20,2025-10-20
IN0646,OF080,Ausencia,2025-08-24,2025-08-24
IN0647,OF183,Ausencia,2025-05-16,2025-05-16
IN0648,OF188,Fallo en check-in,2025-05-08,2025-05-08
IN0649,OF120,Ausencia,2025-06-03,2025-06-03
IN0650,OF048,Permiso,2025-10-19,2025-10-19
IN0651,OF112,Llegada tardía,2025-06-16,2025-06-16
IN0652,OF248,Ausencia,2025-12-20,2025-12-20
IN0653,OF296,Llegada tardía,2025-02-18,2025-02-18
IN0654,OF154,Ausencia,2025-10-23,2025-10-23
IN0655,OF196,Ausencia,2025-01-29,2025-01-29
IN0656,OF172,Incapacidad,2025-08-11,2025-08-15
IN0657,OF062,Fallo en check-in,2025-04-27,2025-04-27
IN0658,OF006,Permiso,2025-11-20,2025-11-20
IN0659,OF196,Ausencia,2025-09-26,2025-09-26
IN0660,OF022,Incapacidad,2025-10-17,2025-10-19
IN0661,OF168,Permiso,2025-04-24,2025-04-24
IN0662,OF079,Ausencia,2025-07-21,2025-07-21
IN0663,OF229,Llegada tardía,2025-10-22,2025-10-22
IN0664,OF259,Ausencia,2025-08-10,2025-08-10
IN0665,OF149,Llegada tardía,2025-03-17,2025-03-17
IN0666,OF068,Incapacidad,2025-09-01,2025-09-06
IN0667,OF026,Permiso,2025-05-15,2025-05-15
IN0668,OF044,Incapacidad,2025-08-11,2025-08-18
IN0669,OF067,Llegada tardía,2025-09-04,2025-09-04
IN0670,OF287,Ausencia,2025-07-22,2025-07-22
IN0671,OF293,Ausencia,2025-11-12,2025-11-12
IN0672,OF269,Ausencia,2025-02-06,2025-02-06
IN0673,OF137,Llegada tardía,2025-06-15,2025-06-15
IN0674,OF295,Ausencia,2025-12-10,2025-12-10
IN0675,OF212,Incapacidad,2025-06-28,2025-06-30
IN0676,OF165,Incapacidad,2025-12-02,2025-12-03
IN0677,OF157,Ausencia,2025-06-29,2025-06-29
IN0678,OF227,Permiso,2025-08-14,2025-08-14
IN0679,OF023,Fallo en check-in,2025-04-30,2025-04-30
IN0680,OF103,Llegada tardía,2025-03-21,2025-03-21
IN0681,OF044,Ausencia,2025-01-28,2025-01-28
IN0682,OF125,Fallo en check-in,2025-03-17,2025-03-17
IN0683,OF148,Ausencia,2025-12-22,2025-12-22
IN0684,OF057,Incapacidad,2025-08-30,2025-08-31
IN0685,OF170,Ausencia,2025-10-03,2025-10-03
IN0686,OF109,Ausencia,2025-09-25,2025-09-25
IN0687,OF133,Permiso,2025-11-15,2025-11-15
IN0688,OF073,Llegada tardía,2025-12-09,2025-12-09
IN0689,OF010,Incapacidad,2025-12-06,2025-12-11
IN0690,OF023,Ausencia,2025-01-31,2025-01-31
IN0691,OF146,Ausencia,2025-12-23,2025-12-23
IN0692,OF139,Ausencia,2025-12-02,2025-12-02
IN0693,OF005,Ausencia,2025-12-05,2025-12-05
IN0694,OF139,Llegada tardía,2025-12-04,2025-12-04
IN0695,OF185,Fallo en check-in,2025-01-10,2025-01-10
IN0696,OF150,Fallo en check-in,2025-11-29,2025-11-29
IN0697,OF198,Ausencia,2025-07-14,2025-07-14
IN0698,OF261,Fallo en check-in,2025-02-20,2025-02-20
IN0699,OF162,Incapacidad,2025-11-02,2025-11-07
IN0700,OF046,Ausencia,2025-09-14,2025-09-14
IN0701,OF235,Permiso,2025-12-31,2025-12-31
IN0702,OF012,Ausencia,2025-09-29,2025-09-29
IN0703,OF157,Incapacidad,2025-07-21,2025-07-27
IN0704,OF081,Ausencia,2025-12-17,2025-12-17
IN0705,OF181,Incapacidad,2025-06-04,2025-06-06
IN0706,OF257,Ausencia,2025-02-01,2025-02-01
IN0707,OF132,Fallo en check-in,2025-01-16,2025-01-16
IN0708,OF285,Fallo en check-in,2025-04-26,2025-04-26
IN0709,OF078,Incapacidad,2025-07-21,2025-07-27
IN0710,OF071,Ausencia,2025-07-15,2025-07-15
IN0711,OF267,Fallo en check-in,2025-11-10,2025-11-10
IN0712,OF117,Incapacidad,2025-10-21,2025-10-23
IN0713,OF219,Fallo en check-in,2025-11-06,2025-11-06
IN0714,OF169,Incapacidad,2025-03-09,2025-03-11
IN0715,OF071,Permiso,2025-12-17,2025-12-17
IN0716,OF104,Fallo en check-in,2025-06-08,2025-06-08
IN0717,OF269,Fallo en check-in,2025-08-09,2025-08-09
IN0718,OF075,Llegada tardía,2025-10-17,2025-10-17
IN0719,OF081,Incapacidad,2025-10-13,2025-10-18
IN0720,OF061,Ausencia,2025-03-16,2025-03-16
IN0721,OF016,Llegada tardía,2025-07-31,2025-07-31
IN0722,OF211,Incapacidad,2025-11-23,2025-11-29
IN0723,OF141,Ausencia,2025-04-07,2025-04-07
IN0724,OF055,Ausencia,2025-01-14,2025-01-14
IN0725,OF137,Permiso,2025-11-10,2025-11-10
IN0726,OF119,Permiso,2025-04-29,2025-04-29
IN0727,OF014,Incapacidad,2025-12-19,2025-12-26
IN0728,OF245,Ausencia,2025-11-06,2025-11-06
IN0729,OF241,Llegada tardía,2025-07-11,2025-07-11
IN0730,OF095,Llegada tardía,2025-09-09,2025-09-09
IN0731,OF243,Ausencia,2025-04-09,2025-04-09
IN0732,OF116,Ausencia,2025-01-08,2025-01-08
IN0733,OF139,Fallo en check-in,2025-04-24,2025-04-24
IN0734,OF104,Llegada tardía,2025-02-03,2025-02-03
IN0735,OF091,Fallo en check-in,2025-08-13,2025-08-13
IN0736,OF251,Llegada tardía,2025-08-23,2025-08-23
IN0737,OF127,Incapacidad,2025-01-22,2025-01-27
IN0738,OF195,Llegada tardía,2025-07-21,2025-07-21
IN0739,OF293,Permiso,2025-09-26,2025-09-26
IN0740,OF020,Permiso,2025-08-20,2025-08-20
IN0741,OF234,Llegada tardía,2025-01-22,2025-01-22
IN0742,OF126,Permiso,2025-07-22,2025-07-22
IN0743,OF021,Permiso,2025-09-22,2025-09-22
IN0744,OF026,Ausencia,2025-08-14,2025-08-14
IN0745,OF204,Fallo en check-in,2025-05-27,2025-05-27
IN0746,OF237,Ausencia,2025-05-31,2025-05-31
IN0747,OF028,Llegada tardía,2025-03-14,2025-03-14
IN0748,OF238,Llegada tardía,2025-08-20,2025-08-20
IN0749,OF047,Llegada tardía,2025-02-27,2025-02-27
IN0750,OF093,Llegada tardía,2025-12-23,2025-12-23
IN0751,OF280,Ausencia,2025-07-31,2025-07-31
IN0752,OF166,Incapacidad,2025-04-02,2025-04-06
IN0753,OF104,Fallo en check-in,2025-02-16,2025-02-16
IN0754,OF129,Incapacidad,2025-11-29,2025-12-05
IN0755,OF084,Llegada tardía,2025-03-05,2025-03-05
IN0756,OF047,Ausencia,2025-08-19,2025-08-19
IN0757,OF186,Ausencia,2025-12-29,2025-12-29
IN0758,OF197,Llegada tardía,2025-09-19,2025-09-19
IN0759,OF082,Incapacidad,2025-07-14,2025-07-15
IN0760,OF088,Fallo en check-in,2025-10-17,2025-10-17
IN0761,OF077,Ausencia,2025-03-16,2025-03-16
IN0762,OF092,Llegada tardía,2025-01-27,2025-01-27
IN0763,OF215,Incapacidad,2025-08-17,2025-08-20
IN0764,OF093,Ausencia,2025-03-09,2025-03-09
IN0765,OF104,Ausencia,2025-05-10,2025-05-10
IN0766,OF007,Incapacidad,2025-09-13,2025-09-18
IN0767,OF003,Permiso,2025-09-10,2025-09-10
IN0768,OF122,Ausencia,2025-12-04,2025-12-04
IN0769,OF244,Incapacidad,2025-08-15,2025-08-16
IN0770,OF004,Ausencia,2025-10-08,2025-10-08
IN0771,OF143,Permiso,2025-10-13,2025-10-13
IN0772,OF107,Ausencia,2025-03-17,2025-03-17
IN0773,OF029,Llegada tardía,2025-01-19,2025-01-19
IN0774,OF075,Llegada tardía,2025-12-08,2025-12-08
IN0775,OF296,Llegada tardía,2025-06-02,2025-06-02
IN0776,OF170,Fallo en check-in,2025-01-26,2025-01-26
IN0777,OF056,Incapacidad,2025-04-02,2025-04-04
IN0778,OF146,Permiso,2025-12-21,2025-12-21
IN0779,OF294,Llegada tardía,2025-04-01,2025-04-01
IN0780,OF234,Llegada tardía,2025-07-04,2025-07-04
IN0781,OF019,Ausencia,2025-06-03,2025-06-03
IN0782,OF166,Incapacidad,2025-07-14,2025-07-21
IN0783,OF035,Llegada tardía,2025-10-09,2025-10-09
IN0784,OF034,Incapacidad,2025-03-10,2025-03-11
IN0785,OF141,Incapacidad,2025-07-31,2025-08-05
IN0786,OF108,Llegada tardía,2025-11-10,2025-11-10
IN0787,OF030,Ausencia,2025-11-19,2025-11-19
IN0788,OF271,Fallo en check-in,2025-09-05,2025-09-05
IN0789,OF148,Incapacidad,2025-06-12,2025-06-15
IN0790,OF270,Permiso,2025-11-16,2025-11-16
IN0791,OF182,Fallo en check-in,2025-11-11,2025-11-11
IN0792,OF289,Incapacidad,2025-11-20,2025-11-24
IN0793,OF253,Llegada tardía,2025-11-09,2025-11-09
IN0794,OF120,Llegada tardía,2025-04-10,2025-04-10
IN0795,OF001,Ausencia,2025-08-27,2025-08-27
IN0796,OF061,Llegada tardía,2025-04-17,2025-04-17
IN0797,OF213,Incapacidad,2025-06-20,2025-06-23
IN0798,OF287,Llegada tardía,2025-04-19,2025-04-19
IN0799,OF006,Llegada tardía,2025-12-20,2025-12-20
IN0800,OF145,Ausencia,2025-02-04,2025-02-04
